<?xml version='1.0' encoding='UTF-8' standalone='yes' ?><hierarchy rotation="0"><node index="0" text="" resource-id="" class="android.widget.FrameLayout" package="app.olauncher.debug" content-desc="" checkable="false" checked="false" clickable="false" enabled="true" focusable="false" focused="false" scrollable="false" long-clickable="false" password="false" selected="false" bounds="[0,0][1080,1794]"><node index="0" text="" resource-id="" class="android.widget.LinearLayout" package="app.olauncher.debug" content-desc="" checkable="false" checked="false" clickable="false" enabled="true" focusable="false" focused="false" scrollable="false" long-clickable="false" password="false" selected="false" bounds="[0,0][1080,1794]"><node index="0" text="" resource-id="" class="android.widget.FrameLayout" package="app.olauncher.debug" content-desc="" checkable="false" checked="false" clickable="false" enabled="true" focusable="false" focused="false" scrollable="false" long-clickable="false" password="false" selected="false" bounds="[0,0][1080,1794]"><node index="0" text="" resource-id="app.olauncher.debug:id/action_bar_root" class="android.widget.LinearLayout" package="app.olauncher.debug" content-desc="" checkable="false" checked="false" clickable="false" enabled="true" focusable="false" focused="false" scrollable="false" long-clickable="false" password="false" selected="false" bounds="[0,0][1080,1794]"><node index="0" text="" resource-id="android:id/content" class="android.widget.FrameLayout" package="app.olauncher.debug" content-desc="" checkable="false" checked="false" clickable="false" enabled="true" focusable="false" focused="false" scrollable="false" long-clickable="false" password="false" selected="false" bounds="[0,0][1080,1794]"><node index="0" text="" resource-id="app.olauncher.debug:id/mainActivityLayout" class="android.widget.FrameLayout" package="app.olauncher.debug" content-desc="" checkable="false" checked="false" clickable="false" enabled="true" focusable="false" focused="false" scrollable="false" long-clickable="false" password="false" selected="false" bounds="[0,0][1080,1794]"><node index="0" text="" resource-id="app.olauncher.debug:id/nav_host_fragment" class="android.widget.FrameLayout" package="app.olauncher.debug" content-desc="" checkable="false" checked="false" clickable="false" enabled="true" focusable="false" focused="false" scrollable="false" long-clickable="false" password="false" selected="false" bounds="[0,0][1080,1794]"><node index="0" text="" resource-id="app.olauncher.debug:id/mainLayout" class="android.widget.FrameLayout" package="app.olauncher.debug" content-desc="" checkable="false" checked="false" clickable="false" enabled="true" focusable="false" focused="false" scrollable="false" long-clickable="false" password="false" selected="false" bounds="[0,0][1080,1794]"><node index="0" text="" resource-id="app.olauncher.debug:id/dateTimeLayout" class="android.widget.LinearLayout" package="app.olauncher.debug" content-desc="" checkable="false" checked="false" clickable="false" enabled="true" focusable="false" focused="false" scrollable="false" long-clickable="false" password="false" selected="false" bounds="[63,126][1017,329]"><node index="0" text="11:38" resource-id="app.olauncher.debug:id/clock" class="android.widget.TextView" package="app.olauncher.debug" content-desc="11:38" checkable="false" checked="false" clickable="true" enabled="true" focusable="false" focused="false" scrollable="false" long-clickable="false" password="false" selected="false" bounds="[63,126][317,266]" /><node index="1" text="Wed, 24 Aug" resource-id="app.olauncher.debug:id/date" class="android.widget.TextView" package="app.olauncher.debug" content-desc="Wed, 24 Aug" checkable="false" checked="false" clickable="true" enabled="true" focusable="false" focused="false" scrollable="false" long-clickable="false" password="false" selected="false" bounds="[63,266][324,329]" /></node><node index="1" text="" resource-id="app.olauncher.debug:id/homeAppsLayout" class="android.widget.LinearLayout" package="app.olauncher.debug" content-desc="" checkable="false" checked="false" clickable="false" enabled="true" focusable="false" focused="false" scrollable="false" long-clickable="false" password="false" selected="false" bounds="[63,698][1017,1306]"><node index="0" text="App" resource-id="app.olauncher.debug:id/homeApp1" class="android.widget.TextView" package="app.olauncher.debug" content-desc="" checkable="false" checked="false" clickable="false" enabled="true" focusable="false" focused="false" scrollable="false" long-clickable="false" password="false" selected="false" bounds="[63,698][190,850]" /><node index="1" text="App" resource-id="app.olauncher.debug:id/homeApp2" class="android.widget.TextView" package="app.olauncher.debug" content-desc="" checkable="false" checked="false" clickable="false" enabled="true" focusable="false" focused="false" scrollable="false" long-clickable="false" password="false" selected="false" bounds="[63,850][190,1002]" /><node index="2" text="App" resource-id="app.olauncher.debug:id/homeApp3" class="android.widget.TextView" package="app.olauncher.debug" content-desc="" checkable="false" checked="false" clickable="false" enabled="true" focusable="false" focused="false" scrollable="false" long-clickable="false" password="false" selected="false" bounds="[63,1002][190,1154]" /><node index="3" text="App" resource-id="app.olauncher.debug:id/homeApp4" class="android.widget.TextView" package="app.olauncher.debug" content-desc="" checkable="false" checked="false" clickable="false" enabled="true" focusable="false" focused="false" scrollable="false" long-clickable="false" password="false" selected="false" bounds="[63,1154][190,1306]" /></node><node index="2" text="" resource-id="app.olauncher.debug:id/firstRunTips" class="android.widget.LinearLayout" package="app.olauncher.debug" content-desc="" checkable="false" checked="false" clickable="false" enabled="true" focusable="false" focused="false" scrollable="false" long-clickable="false" password="false" selected="false" bounds="[63,1636][1017,1773]"><node index="0" text="Swipe up for all apps" resource-id="" class="android.widget.TextView" package="app.olauncher.debug" content-desc="" checkable="false" checked="false" clickable="false" enabled="true" focusable="false" focused="false" scrollable="false" long-clickable="false" password="false" selected="false" bounds="[323,1636][757,1699]" /><node index="1" text="Long press anywhere for more" resource-id="" class="android.widget.TextView" package="app.olauncher.debug" content-desc="" checkable="false" checked="false" clickable="false" enabled="true" focusable="false" focused="false" scrollable="false" long-clickable="false" password="false" selected="false" bounds="[222,1710][858,1773]" /></node></node></node></node></node></node></node></node></node></hierarchy>