<?xml version='1.0' encoding='UTF-8' standalone='yes' ?><hierarchy rotation="0"><node index="0" text="" resource-id="" class="android.widget.FrameLayout" package="at.jclehner.rxdroid.debug" content-desc="" checkable="false" checked="false" clickable="false" enabled="true" focusable="false" focused="false" scrollable="false" long-clickable="false" password="false" selected="false" bounds="[28,522][1052,1335]"><node index="0" text="" resource-id="" class="android.widget.LinearLayout" package="at.jclehner.rxdroid.debug" content-desc="" checkable="false" checked="false" clickable="false" enabled="true" focusable="false" focused="false" scrollable="false" long-clickable="false" password="false" selected="false" bounds="[70,564][1010,1293]"><node index="0" text="" resource-id="" class="android.widget.FrameLayout" package="at.jclehner.rxdroid.debug" content-desc="" checkable="false" checked="false" clickable="false" enabled="true" focusable="false" focused="false" scrollable="false" long-clickable="false" password="false" selected="false" bounds="[70,564][1010,1293]"><node index="0" text="" resource-id="at.jclehner.rxdroid.debug:id/action_bar_root" class="android.widget.FrameLayout" package="at.jclehner.rxdroid.debug" content-desc="" checkable="false" checked="false" clickable="false" enabled="true" focusable="false" focused="false" scrollable="false" long-clickable="false" password="false" selected="false" bounds="[70,564][1010,1293]"><node index="0" text="" resource-id="android:id/content" class="android.widget.FrameLayout" package="at.jclehner.rxdroid.debug" content-desc="" checkable="false" checked="false" clickable="false" enabled="true" focusable="false" focused="false" scrollable="false" long-clickable="false" password="false" selected="false" bounds="[70,564][1010,1293]"><node index="0" text="" resource-id="at.jclehner.rxdroid.debug:id/parentPanel" class="androidx.appcompat.widget.LinearLayoutCompat" package="at.jclehner.rxdroid.debug" content-desc="" checkable="false" checked="false" clickable="false" enabled="true" focusable="false" focused="false" scrollable="false" long-clickable="false" password="false" selected="false" bounds="[70,564][1010,1293]"><node index="0" text="" resource-id="at.jclehner.rxdroid.debug:id/contentPanel" class="android.widget.FrameLayout" package="at.jclehner.rxdroid.debug" content-desc="" checkable="false" checked="false" clickable="false" enabled="true" focusable="false" focused="false" scrollable="false" long-clickable="false" password="false" selected="false" bounds="[70,564][1010,1145]"><node index="0" text="" resource-id="at.jclehner.rxdroid.debug:id/scrollView" class="android.widget.ScrollView" package="at.jclehner.rxdroid.debug" content-desc="" checkable="false" checked="false" clickable="false" enabled="true" focusable="false" focused="false" scrollable="false" long-clickable="false" password="false" selected="false" bounds="[70,564][1010,1145]"><node index="0" text="" resource-id="" class="android.widget.LinearLayout" package="at.jclehner.rxdroid.debug" content-desc="" checkable="false" checked="false" clickable="false" enabled="true" focusable="false" focused="false" scrollable="false" long-clickable="false" password="false" selected="false" bounds="[70,564][1010,1145]"><node index="0" text="" resource-id="at.jclehner.rxdroid.debug:id/textSpacerNoTitle" class="android.view.View" package="at.jclehner.rxdroid.debug" content-desc="" checkable="false" checked="false" clickable="false" enabled="true" focusable="false" focused="false" scrollable="false" long-clickable="false" password="false" selected="false" bounds="[70,564][1010,611]" /><node index="1" text="RxDroid&#10;&#10;© 2011–2020  Joseph C. Lehner&#10;&#10;This program comes with ABSOLUTELY NO WARRANTY. This is free software, and you are welcome to redistribute it under the terms of the GNU GPLv3; additional terms apply.&#10;&#10;" resource-id="android:id/message" class="android.widget.TextView" package="at.jclehner.rxdroid.debug" content-desc="" checkable="false" checked="false" clickable="true" enabled="true" focusable="true" focused="false" scrollable="false" long-clickable="true" password="false" selected="false" bounds="[70,611][1010,1145]" /></node></node></node><node index="1" text="" resource-id="at.jclehner.rxdroid.debug:id/buttonPanel" class="android.widget.ScrollView" package="at.jclehner.rxdroid.debug" content-desc="" checkable="false" checked="false" clickable="false" enabled="true" focusable="true" focused="false" scrollable="false" long-clickable="false" password="false" selected="false" bounds="[70,1145][1010,1293]"><node index="0" text="" resource-id="" class="android.widget.LinearLayout" package="at.jclehner.rxdroid.debug" content-desc="" checkable="false" checked="false" clickable="false" enabled="true" focusable="false" focused="false" scrollable="false" long-clickable="false" password="false" selected="false" bounds="[70,1145][1010,1293]"><node index="0" text="CANCEL" resource-id="android:id/button2" class="android.widget.Button" package="at.jclehner.rxdroid.debug" content-desc="" checkable="false" checked="false" clickable="true" enabled="true" focusable="true" focused="false" scrollable="false" long-clickable="false" password="false" selected="false" bounds="[608,1156][810,1282]" /><node index="1" text="OK" resource-id="android:id/button1" class="android.widget.Button" package="at.jclehner.rxdroid.debug" content-desc="" checkable="false" checked="false" clickable="true" enabled="true" focusable="true" focused="false" scrollable="false" long-clickable="false" password="false" selected="false" bounds="[810,1156][978,1282]" /></node></node></node></node></node></node></node></node></hierarchy>