<?xml version='1.0' encoding='UTF-8' standalone='yes' ?><hierarchy rotation="0"><node index="0" text="" resource-id="" class="android.widget.FrameLayout" package="com.readrops.app.debug" content-desc="" checkable="false" checked="false" clickable="false" enabled="true" focusable="false" focused="false" scrollable="false" long-clickable="false" password="false" selected="false" bounds="[0,0][1080,1794]"><node index="0" text="" resource-id="" class="android.widget.LinearLayout" package="com.readrops.app.debug" content-desc="" checkable="false" checked="false" clickable="false" enabled="true" focusable="false" focused="false" scrollable="false" long-clickable="false" password="false" selected="false" bounds="[0,0][1080,1794]"><node index="0" text="" resource-id="" class="android.widget.FrameLayout" package="com.readrops.app.debug" content-desc="" checkable="false" checked="false" clickable="false" enabled="true" focusable="false" focused="false" scrollable="false" long-clickable="false" password="false" selected="false" bounds="[0,63][1080,1794]"><node index="0" text="" resource-id="com.readrops.app.debug:id/decor_content_parent" class="android.view.ViewGroup" package="com.readrops.app.debug" content-desc="" checkable="false" checked="false" clickable="false" enabled="true" focusable="false" focused="false" scrollable="false" long-clickable="false" password="false" selected="false" bounds="[0,63][1080,1794]"><node index="0" text="" resource-id="com.readrops.app.debug:id/action_bar_container" class="android.widget.FrameLayout" package="com.readrops.app.debug" content-desc="" checkable="false" checked="false" clickable="false" enabled="true" focusable="false" focused="false" scrollable="false" long-clickable="false" password="false" selected="false" bounds="[0,63][1080,210]"><node index="0" text="" resource-id="com.readrops.app.debug:id/action_bar" class="android.view.ViewGroup" package="com.readrops.app.debug" content-desc="" checkable="false" checked="false" clickable="false" enabled="true" focusable="false" focused="false" scrollable="false" long-clickable="false" password="false" selected="false" bounds="[0,63][1080,210]"><node index="0" text="New account" resource-id="" class="android.widget.TextView" package="com.readrops.app.debug" content-desc="" checkable="false" checked="false" clickable="false" enabled="true" focusable="false" focused="false" scrollable="false" long-clickable="false" password="false" selected="false" bounds="[42,101][351,172]" /></node></node><node index="1" text="" resource-id="android:id/content" class="android.widget.FrameLayout" package="com.readrops.app.debug" content-desc="" checkable="false" checked="false" clickable="false" enabled="true" focusable="false" focused="false" scrollable="false" long-clickable="false" password="false" selected="false" bounds="[0,210][1080,1794]"><node index="0" text="" resource-id="" class="android.widget.ScrollView" package="com.readrops.app.debug" content-desc="" checkable="false" checked="false" clickable="false" enabled="true" focusable="true" focused="false" scrollable="false" long-clickable="false" password="false" selected="false" bounds="[0,210][1080,1794]"><node index="0" text="" resource-id="com.readrops.app.debug:id/account_type_list_root" class="android.view.ViewGroup" package="com.readrops.app.debug" content-desc="" checkable="false" checked="false" clickable="false" enabled="true" focusable="false" focused="false" scrollable="false" long-clickable="false" password="false" selected="false" bounds="[0,210][1080,1472]"><node index="0" text="ReadropsDebug" resource-id="com.readrops.app.debug:id/account_type_list_app_name" class="android.widget.TextView" package="com.readrops.app.debug" content-desc="" checkable="false" checked="false" clickable="false" enabled="true" focusable="false" focused="false" scrollable="false" long-clickable="false" password="false" selected="false" bounds="[0,315][1080,525]" /><node index="1" text="Choose an account" resource-id="com.readrops.app.debug:id/account_type_list_choose" class="android.widget.TextView" package="com.readrops.app.debug" content-desc="" checkable="false" checked="false" clickable="false" enabled="true" focusable="false" focused="false" scrollable="false" long-clickable="false" password="false" selected="false" bounds="[361,630][720,687]" /><node index="2" text="" resource-id="com.readrops.app.debug:id/account_type_recyclerview" class="androidx.recyclerview.widget.RecyclerView" package="com.readrops.app.debug" content-desc="" checkable="false" checked="false" clickable="false" enabled="true" focusable="true" focused="true" scrollable="false" long-clickable="false" password="false" selected="false" bounds="[210,708][870,1236]"><node index="0" text="" resource-id="" class="android.widget.RelativeLayout" package="com.readrops.app.debug" content-desc="" checkable="false" checked="false" clickable="true" enabled="true" focusable="false" focused="false" scrollable="false" long-clickable="false" password="false" selected="false" bounds="[210,708][870,881]"><node index="0" text="" resource-id="com.readrops.app.debug:id/account_type_logo" class="android.widget.ImageView" package="com.readrops.app.debug" content-desc="" checkable="false" checked="false" clickable="false" enabled="true" focusable="false" focused="false" scrollable="false" long-clickable="false" password="false" selected="false" bounds="[231,729][362,860]" /><node index="1" text="Local account" resource-id="com.readrops.app.debug:id/account_type_name" class="android.widget.TextView" package="com.readrops.app.debug" content-desc="" checkable="false" checked="false" clickable="false" enabled="true" focusable="false" focused="false" scrollable="false" long-clickable="false" password="false" selected="false" bounds="[394,755][756,833]" /></node><node index="1" text="" resource-id="" class="android.widget.RelativeLayout" package="com.readrops.app.debug" content-desc="" checkable="false" checked="false" clickable="true" enabled="true" focusable="false" focused="false" scrollable="false" long-clickable="false" password="false" selected="false" bounds="[210,884][870,1057]"><node index="0" text="" resource-id="com.readrops.app.debug:id/account_type_logo" class="android.widget.ImageView" package="com.readrops.app.debug" content-desc="" checkable="false" checked="false" clickable="false" enabled="true" focusable="false" focused="false" scrollable="false" long-clickable="false" password="false" selected="false" bounds="[231,905][362,1036]" /><node index="1" text="Nextcloud News" resource-id="com.readrops.app.debug:id/account_type_name" class="android.widget.TextView" package="com.readrops.app.debug" content-desc="" checkable="false" checked="false" clickable="false" enabled="true" focusable="false" focused="false" scrollable="false" long-clickable="false" password="false" selected="false" bounds="[394,931][816,1009]" /></node><node index="2" text="" resource-id="" class="android.widget.RelativeLayout" package="com.readrops.app.debug" content-desc="" checkable="false" checked="false" clickable="true" enabled="true" focusable="false" focused="false" scrollable="false" long-clickable="false" password="false" selected="false" bounds="[210,1060][870,1233]"><node index="0" text="" resource-id="com.readrops.app.debug:id/account_type_logo" class="android.widget.ImageView" package="com.readrops.app.debug" content-desc="" checkable="false" checked="false" clickable="false" enabled="true" focusable="false" focused="false" scrollable="false" long-clickable="false" password="false" selected="false" bounds="[231,1081][362,1212]" /><node index="1" text="Freshrss" resource-id="com.readrops.app.debug:id/account_type_name" class="android.widget.TextView" package="com.readrops.app.debug" content-desc="" checkable="false" checked="false" clickable="false" enabled="true" focusable="false" focused="false" scrollable="false" long-clickable="false" password="false" selected="false" bounds="[394,1107][617,1185]" /></node></node><node index="3" text="Or" resource-id="com.readrops.app.debug:id/account_type_or" class="android.widget.TextView" package="com.readrops.app.debug" content-desc="" checkable="false" checked="false" clickable="false" enabled="true" focusable="false" focused="false" scrollable="false" long-clickable="false" password="false" selected="false" bounds="[510,1268][570,1346]" /><node index="4" text="OPML IMPORT" resource-id="com.readrops.app.debug:id/account_type_opml_import" class="android.widget.Button" package="com.readrops.app.debug" content-desc="" checkable="false" checked="false" clickable="true" enabled="true" focusable="true" focused="false" scrollable="false" long-clickable="false" password="false" selected="false" bounds="[386,1346][695,1472]" /></node></node></node></node></node></node><node index="1" text="" resource-id="android:id/statusBarBackground" class="android.view.View" package="com.readrops.app.debug" content-desc="" checkable="false" checked="false" clickable="false" enabled="true" focusable="false" focused="false" scrollable="false" long-clickable="false" password="false" selected="false" bounds="[0,0][1080,63]" /><node index="2" text="" resource-id="android:id/navigationBarBackground" class="android.view.View" package="com.readrops.app.debug" content-desc="" checkable="false" checked="false" clickable="false" enabled="true" focusable="false" focused="false" scrollable="false" long-clickable="false" password="false" selected="false" bounds="[0,0][0,0]" /></node></hierarchy>