<?xml version='1.0' encoding='UTF-8' standalone='yes' ?><hierarchy rotation="0"><node index="0" text="" resource-id="" class="android.widget.FrameLayout" package="com.finnmglas.launcher" content-desc="" checkable="false" checked="false" clickable="false" enabled="true" focusable="false" focused="false" scrollable="false" long-clickable="false" password="false" selected="false" bounds="[0,0][1080,1794]"><node index="0" text="" resource-id="" class="android.widget.LinearLayout" package="com.finnmglas.launcher" content-desc="" checkable="false" checked="false" clickable="false" enabled="true" focusable="false" focused="false" scrollable="false" long-clickable="false" password="false" selected="false" bounds="[0,0][1080,1794]"><node index="0" text="" resource-id="" class="android.widget.FrameLayout" package="com.finnmglas.launcher" content-desc="" checkable="false" checked="false" clickable="false" enabled="true" focusable="false" focused="false" scrollable="false" long-clickable="false" password="false" selected="false" bounds="[0,0][1080,1794]"><node index="0" text="" resource-id="com.finnmglas.launcher:id/action_bar_root" class="android.widget.LinearLayout" package="com.finnmglas.launcher" content-desc="" checkable="false" checked="false" clickable="false" enabled="true" focusable="false" focused="false" scrollable="false" long-clickable="false" password="false" selected="false" bounds="[0,0][1080,1794]"><node index="0" text="" resource-id="android:id/content" class="android.widget.FrameLayout" package="com.finnmglas.launcher" content-desc="" checkable="false" checked="false" clickable="false" enabled="true" focusable="false" focused="false" scrollable="false" long-clickable="false" password="false" selected="false" bounds="[0,0][1080,1794]"><node index="0" text="" resource-id="com.finnmglas.launcher:id/tutorial_container" class="android.view.ViewGroup" package="com.finnmglas.launcher" content-desc="" checkable="false" checked="false" clickable="false" enabled="true" focusable="false" focused="false" scrollable="false" long-clickable="false" password="false" selected="false" bounds="[0,0][1080,1794]"><node index="0" text="" resource-id="com.finnmglas.launcher:id/tutorial_viewpager" class="androidx.viewpager.widget.ViewPager" package="com.finnmglas.launcher" content-desc="" checkable="false" checked="false" clickable="false" enabled="true" focusable="true" focused="false" scrollable="true" long-clickable="false" password="false" selected="false" bounds="[0,0][1080,1668]"><node index="1" text="" resource-id="com.finnmglas.launcher:id/tutorial_concept_container" class="android.view.ViewGroup" package="com.finnmglas.launcher" content-desc="" checkable="false" checked="false" clickable="false" enabled="true" focusable="false" focused="false" scrollable="false" long-clickable="false" password="false" selected="false" bounds="[0,0][1080,1668]"><node index="0" text="Concept" resource-id="com.finnmglas.launcher:id/tutorial_concept_title" class="android.widget.TextView" package="com.finnmglas.launcher" content-desc="" checkable="false" checked="false" clickable="false" enabled="true" focusable="false" focused="false" scrollable="false" long-clickable="false" password="false" selected="false" bounds="[394,42][687,148]" /><node index="1" text="Launcher is designed to be minimal, efficient and free of distraction.&#10;&#10;It is free of payments, ads and tracking services." resource-id="com.finnmglas.launcher:id/tutorial_concept_text" class="android.widget.TextView" package="com.finnmglas.launcher" content-desc="" checkable="false" checked="false" clickable="false" enabled="true" focusable="false" focused="false" scrollable="false" long-clickable="false" password="false" selected="false" bounds="[84,395][996,678]" /><node index="2" text="The app is open-source (MIT license) and available on GitHub!&#10;&#10;Make sure to check out the repository!" resource-id="com.finnmglas.launcher:id/tutorial_concept_text_2" class="android.widget.TextView" package="com.finnmglas.launcher" content-desc="" checkable="false" checked="false" clickable="false" enabled="true" focusable="false" focused="false" scrollable="false" long-clickable="false" password="false" selected="false" bounds="[84,1398][996,1626]" /><node index="3" text="" resource-id="com.finnmglas.launcher:id/tutorial_concept_badge_version" class="android.widget.ImageView" package="com.finnmglas.launcher" content-desc="" checkable="false" checked="false" clickable="false" enabled="true" focusable="false" focused="false" scrollable="false" long-clickable="false" password="false" selected="false" bounds="[168,528][912,1549]" /></node></node><node index="1" text="" resource-id="com.finnmglas.launcher:id/tutorial_tabs" class="android.widget.HorizontalScrollView" package="com.finnmglas.launcher" content-desc="" checkable="false" checked="false" clickable="false" enabled="true" focusable="true" focused="false" scrollable="false" long-clickable="false" password="false" selected="false" bounds="[0,1668][1080,1794]"><node index="0" text="" resource-id="" class="android.widget.LinearLayout" package="com.finnmglas.launcher" content-desc="" checkable="false" checked="false" clickable="false" enabled="true" focusable="false" focused="false" scrollable="false" long-clickable="false" password="false" selected="false" bounds="[0,1668][1080,1794]"><node NAF="true" index="0" text="" resource-id="" class="androidx.appcompat.app.ActionBar$Tab" package="com.finnmglas.launcher" content-desc="" checkable="false" checked="false" clickable="true" enabled="true" focusable="true" focused="false" scrollable="false" long-clickable="false" password="false" selected="false" bounds="[380,1668][444,1794]" /><node NAF="true" index="1" text="" resource-id="" class="androidx.appcompat.app.ActionBar$Tab" package="com.finnmglas.launcher" content-desc="" checkable="false" checked="false" clickable="true" enabled="true" focusable="true" focused="false" scrollable="false" long-clickable="false" password="false" selected="true" bounds="[444,1668][508,1794]" /><node NAF="true" index="2" text="" resource-id="" class="androidx.appcompat.app.ActionBar$Tab" package="com.finnmglas.launcher" content-desc="" checkable="false" checked="false" clickable="true" enabled="true" focusable="true" focused="false" scrollable="false" long-clickable="false" password="false" selected="false" bounds="[508,1668][572,1794]" /><node NAF="true" index="3" text="" resource-id="" class="androidx.appcompat.app.ActionBar$Tab" package="com.finnmglas.launcher" content-desc="" checkable="false" checked="false" clickable="true" enabled="true" focusable="true" focused="false" scrollable="false" long-clickable="false" password="false" selected="false" bounds="[572,1668][636,1794]" /><node NAF="true" index="4" text="" resource-id="" class="androidx.appcompat.app.ActionBar$Tab" package="com.finnmglas.launcher" content-desc="" checkable="false" checked="false" clickable="true" enabled="true" focusable="true" focused="false" scrollable="false" long-clickable="false" password="false" selected="false" bounds="[636,1668][700,1794]" /></node></node></node></node></node></node></node><node index="1" text="" resource-id="android:id/navigationBarBackground" class="android.view.View" package="com.finnmglas.launcher" content-desc="" checkable="false" checked="false" clickable="false" enabled="true" focusable="false" focused="false" scrollable="false" long-clickable="false" password="false" selected="false" bounds="[0,0][0,0]" /></node></hierarchy>