<?xml version='1.0' encoding='UTF-8' standalone='yes' ?><hierarchy rotation="0"><node index="0" text="" resource-id="" class="android.widget.FrameLayout" package="com.ensoft.imgurviewer" content-desc="" checkable="false" checked="false" clickable="false" enabled="true" focusable="false" focused="false" scrollable="false" long-clickable="false" password="false" selected="false" bounds="[28,63][1052,1793]"><node index="0" text="" resource-id="" class="android.widget.LinearLayout" package="com.ensoft.imgurviewer" content-desc="" checkable="false" checked="false" clickable="false" enabled="true" focusable="false" focused="false" scrollable="false" long-clickable="false" password="false" selected="false" bounds="[70,105][1010,1751]"><node index="0" text="" resource-id="" class="android.widget.FrameLayout" package="com.ensoft.imgurviewer" content-desc="" checkable="false" checked="false" clickable="false" enabled="true" focusable="false" focused="false" scrollable="false" long-clickable="false" password="false" selected="false" bounds="[70,105][1010,1751]"><node index="0" text="" resource-id="com.ensoft.imgurviewer:id/action_bar_root" class="android.widget.FrameLayout" package="com.ensoft.imgurviewer" content-desc="" checkable="false" checked="false" clickable="false" enabled="true" focusable="false" focused="false" scrollable="false" long-clickable="false" password="false" selected="false" bounds="[70,105][1010,1751]"><node index="0" text="" resource-id="android:id/content" class="android.widget.FrameLayout" package="com.ensoft.imgurviewer" content-desc="" checkable="false" checked="false" clickable="false" enabled="true" focusable="false" focused="false" scrollable="false" long-clickable="false" password="false" selected="false" bounds="[70,105][1010,1751]"><node index="0" text="" resource-id="com.ensoft.imgurviewer:id/parentPanel" class="androidx.appcompat.widget.LinearLayoutCompat" package="com.ensoft.imgurviewer" content-desc="" checkable="false" checked="false" clickable="false" enabled="true" focusable="false" focused="false" scrollable="false" long-clickable="false" password="false" selected="false" bounds="[70,105][1010,1751]"><node index="0" text="" resource-id="com.ensoft.imgurviewer:id/topPanel" class="android.widget.LinearLayout" package="com.ensoft.imgurviewer" content-desc="" checkable="false" checked="false" clickable="false" enabled="true" focusable="false" focused="false" scrollable="false" long-clickable="false" password="false" selected="false" bounds="[70,105][1010,236]"><node index="0" text="" resource-id="com.ensoft.imgurviewer:id/title_template" class="android.widget.LinearLayout" package="com.ensoft.imgurviewer" content-desc="" checkable="false" checked="false" clickable="false" enabled="true" focusable="false" focused="false" scrollable="false" long-clickable="false" password="false" selected="false" bounds="[70,105][1010,215]"><node index="0" text="Grid View Image Scale Type" resource-id="com.ensoft.imgurviewer:id/alertTitle" class="android.widget.TextView" package="com.ensoft.imgurviewer" content-desc="" checkable="false" checked="false" clickable="false" enabled="true" focusable="false" focused="false" scrollable="false" long-clickable="false" password="false" selected="false" bounds="[133,152][947,215]" /></node><node index="1" text="" resource-id="com.ensoft.imgurviewer:id/titleDividerNoCustom" class="android.view.View" package="com.ensoft.imgurviewer" content-desc="" checkable="false" checked="false" clickable="false" enabled="true" focusable="false" focused="false" scrollable="false" long-clickable="false" password="false" selected="false" bounds="[70,215][1010,236]" /></node><node index="1" text="" resource-id="com.ensoft.imgurviewer:id/contentPanel" class="android.widget.FrameLayout" package="com.ensoft.imgurviewer" content-desc="" checkable="false" checked="false" clickable="false" enabled="true" focusable="false" focused="false" scrollable="false" long-clickable="false" password="false" selected="false" bounds="[70,236][1010,1603]"><node index="0" text="" resource-id="com.ensoft.imgurviewer:id/select_dialog_listview" class="android.widget.ListView" package="com.ensoft.imgurviewer" content-desc="" checkable="false" checked="false" clickable="false" enabled="true" focusable="true" focused="true" scrollable="true" long-clickable="false" password="false" selected="false" bounds="[70,236][1010,1603]"><node index="0" text="FIT XY" resource-id="android:id/text1" class="android.widget.CheckedTextView" package="com.ensoft.imgurviewer" content-desc="" checkable="true" checked="false" clickable="false" enabled="true" focusable="false" focused="false" scrollable="false" long-clickable="false" password="false" selected="false" bounds="[70,236][1010,343]" /><node index="1" text="FIT X" resource-id="android:id/text1" class="android.widget.CheckedTextView" package="com.ensoft.imgurviewer" content-desc="" checkable="true" checked="false" clickable="false" enabled="true" focusable="false" focused="false" scrollable="false" long-clickable="false" password="false" selected="false" bounds="[70,343][1010,469]" /><node index="2" text="FIT Y" resource-id="android:id/text1" class="android.widget.CheckedTextView" package="com.ensoft.imgurviewer" content-desc="" checkable="true" checked="false" clickable="false" enabled="true" focusable="false" focused="false" scrollable="false" long-clickable="false" password="false" selected="false" bounds="[70,469][1010,595]" /><node index="3" text="FIT START" resource-id="android:id/text1" class="android.widget.CheckedTextView" package="com.ensoft.imgurviewer" content-desc="" checkable="true" checked="false" clickable="false" enabled="true" focusable="false" focused="false" scrollable="false" long-clickable="false" password="false" selected="false" bounds="[70,595][1010,721]" /><node index="4" text="FIT CENTER" resource-id="android:id/text1" class="android.widget.CheckedTextView" package="com.ensoft.imgurviewer" content-desc="" checkable="true" checked="false" clickable="false" enabled="true" focusable="false" focused="false" scrollable="false" long-clickable="false" password="false" selected="false" bounds="[70,721][1010,847]" /><node index="5" text="FIT END" resource-id="android:id/text1" class="android.widget.CheckedTextView" package="com.ensoft.imgurviewer" content-desc="" checkable="true" checked="false" clickable="false" enabled="true" focusable="false" focused="false" scrollable="false" long-clickable="false" password="false" selected="false" bounds="[70,847][1010,973]" /><node index="6" text="CENTER" resource-id="android:id/text1" class="android.widget.CheckedTextView" package="com.ensoft.imgurviewer" content-desc="" checkable="true" checked="false" clickable="false" enabled="true" focusable="false" focused="false" scrollable="false" long-clickable="false" password="false" selected="false" bounds="[70,973][1010,1099]" /><node index="7" text="CENTER INSIDE" resource-id="android:id/text1" class="android.widget.CheckedTextView" package="com.ensoft.imgurviewer" content-desc="" checkable="true" checked="false" clickable="false" enabled="true" focusable="false" focused="false" scrollable="false" long-clickable="false" password="false" selected="false" bounds="[70,1099][1010,1225]" /><node index="8" text="CENTER CROP" resource-id="android:id/text1" class="android.widget.CheckedTextView" package="com.ensoft.imgurviewer" content-desc="" checkable="true" checked="true" clickable="false" enabled="true" focusable="false" focused="false" scrollable="false" long-clickable="false" password="false" selected="false" bounds="[70,1225][1010,1351]" /><node index="9" text="FOCUS CROP" resource-id="android:id/text1" class="android.widget.CheckedTextView" package="com.ensoft.imgurviewer" content-desc="" checkable="true" checked="false" clickable="false" enabled="true" focusable="false" focused="false" scrollable="false" long-clickable="false" password="false" selected="false" bounds="[70,1351][1010,1477]" /><node index="10" text="FIT BOTTOM START" resource-id="android:id/text1" class="android.widget.CheckedTextView" package="com.ensoft.imgurviewer" content-desc="" checkable="true" checked="false" clickable="false" enabled="true" focusable="false" focused="false" scrollable="false" long-clickable="false" password="false" selected="false" bounds="[70,1477][1010,1603]" /></node></node><node index="2" text="" resource-id="com.ensoft.imgurviewer:id/buttonPanel" class="android.widget.ScrollView" package="com.ensoft.imgurviewer" content-desc="" checkable="false" checked="false" clickable="false" enabled="true" focusable="true" focused="false" scrollable="false" long-clickable="false" password="false" selected="false" bounds="[70,1603][1010,1751]"><node index="0" text="" resource-id="" class="android.widget.LinearLayout" package="com.ensoft.imgurviewer" content-desc="" checkable="false" checked="false" clickable="false" enabled="true" focusable="false" focused="false" scrollable="false" long-clickable="false" password="false" selected="false" bounds="[70,1603][1010,1751]"><node index="0" text="CANCEL" resource-id="android:id/button2" class="android.widget.Button" package="com.ensoft.imgurviewer" content-desc="" checkable="false" checked="false" clickable="true" enabled="true" focusable="true" focused="false" scrollable="false" long-clickable="false" password="false" selected="false" bounds="[776,1614][978,1740]" /></node></node></node></node></node></node></node></node></hierarchy>