<?xml version='1.0' encoding='UTF-8' standalone='yes' ?><hierarchy rotation="0"><node index="0" text="" resource-id="" class="android.widget.FrameLayout" package="xyz.zedler.patrick.grocy" content-desc="" checkable="false" checked="false" clickable="false" enabled="true" focusable="false" focused="false" scrollable="false" long-clickable="false" password="false" selected="false" bounds="[0,0][1080,1794]"><node index="0" text="" resource-id="" class="android.widget.LinearLayout" package="xyz.zedler.patrick.grocy" content-desc="" checkable="false" checked="false" clickable="false" enabled="true" focusable="false" focused="false" scrollable="false" long-clickable="false" password="false" selected="false" bounds="[0,0][1080,1794]"><node index="0" text="" resource-id="" class="android.widget.FrameLayout" package="xyz.zedler.patrick.grocy" content-desc="" checkable="false" checked="false" clickable="false" enabled="true" focusable="false" focused="false" scrollable="false" long-clickable="false" password="false" selected="false" bounds="[0,63][1080,1794]"><node index="0" text="" resource-id="xyz.zedler.patrick.grocy:id/action_bar_root" class="android.widget.LinearLayout" package="xyz.zedler.patrick.grocy" content-desc="" checkable="false" checked="false" clickable="false" enabled="true" focusable="false" focused="false" scrollable="false" long-clickable="false" password="false" selected="false" bounds="[0,63][1080,1794]"><node index="0" text="" resource-id="android:id/content" class="android.widget.FrameLayout" package="xyz.zedler.patrick.grocy" content-desc="" checkable="false" checked="false" clickable="false" enabled="true" focusable="false" focused="false" scrollable="false" long-clickable="false" password="false" selected="false" bounds="[0,63][1080,1794]"><node index="0" text="" resource-id="" class="android.view.ViewGroup" package="xyz.zedler.patrick.grocy" content-desc="" checkable="false" checked="false" clickable="false" enabled="true" focusable="false" focused="false" scrollable="false" long-clickable="false" password="false" selected="false" bounds="[0,63][1080,1794]"><node index="0" text="" resource-id="xyz.zedler.patrick.grocy:id/app_bar_about" class="android.widget.LinearLayout" package="xyz.zedler.patrick.grocy" content-desc="" checkable="false" checked="false" clickable="false" enabled="true" focusable="false" focused="false" scrollable="false" long-clickable="false" password="false" selected="false" bounds="[0,63][1080,210]"><node index="0" text="" resource-id="xyz.zedler.patrick.grocy:id/linear_about_app_bar" class="android.widget.LinearLayout" package="xyz.zedler.patrick.grocy" content-desc="" checkable="false" checked="false" clickable="false" enabled="true" focusable="false" focused="false" scrollable="false" long-clickable="false" password="false" selected="false" bounds="[0,63][1080,210]"><node index="0" text="" resource-id="xyz.zedler.patrick.grocy:id/frame_about_close" class="android.widget.FrameLayout" package="xyz.zedler.patrick.grocy" content-desc="Close" checkable="false" checked="false" clickable="true" enabled="true" focusable="true" focused="false" scrollable="false" long-clickable="false" password="false" selected="false" bounds="[11,73][137,199]"><node index="0" text="" resource-id="" class="android.widget.ImageView" package="xyz.zedler.patrick.grocy" content-desc="" checkable="false" checked="false" clickable="false" enabled="true" focusable="false" focused="false" scrollable="false" long-clickable="false" password="false" selected="false" bounds="[42,104][105,167]" /></node><node index="1" text="About" resource-id="" class="android.widget.TextView" package="xyz.zedler.patrick.grocy" content-desc="" checkable="false" checked="false" clickable="false" enabled="true" focusable="false" focused="false" scrollable="false" long-clickable="false" password="false" selected="false" bounds="[190,100][360,172]" /></node></node><node index="1" text="" resource-id="xyz.zedler.patrick.grocy:id/scroll_about" class="android.widget.ScrollView" package="xyz.zedler.patrick.grocy" content-desc="" checkable="false" checked="false" clickable="false" enabled="true" focusable="true" focused="false" scrollable="true" long-clickable="false" password="false" selected="false" bounds="[0,210][1080,1794]"><node index="0" text="" resource-id="" class="android.widget.LinearLayout" package="xyz.zedler.patrick.grocy" content-desc="" checkable="false" checked="false" clickable="false" enabled="true" focusable="false" focused="false" scrollable="false" long-clickable="false" password="false" selected="false" bounds="[0,210][1080,1794]"><node index="0" text="" resource-id="" class="androidx.cardview.widget.CardView" package="xyz.zedler.patrick.grocy" content-desc="" checkable="false" checked="false" clickable="false" enabled="true" focusable="false" focused="false" scrollable="false" long-clickable="false" password="false" selected="false" bounds="[42,252][1038,485]"><node index="0" text="We'd like to thank Bernd Bestel, without whose great work this app would never have been possible." resource-id="" class="android.widget.TextView" package="xyz.zedler.patrick.grocy" content-desc="" checkable="false" checked="false" clickable="false" enabled="true" focusable="false" focused="false" scrollable="false" long-clickable="false" password="false" selected="false" bounds="[84,294][996,443]" /></node><node index="1" text="" resource-id="" class="android.widget.LinearLayout" package="xyz.zedler.patrick.grocy" content-desc="" checkable="false" checked="false" clickable="false" enabled="true" focusable="false" focused="false" scrollable="false" long-clickable="false" password="false" selected="false" bounds="[0,506][1080,690]"><node index="0" text="" resource-id="xyz.zedler.patrick.grocy:id/image_version" class="android.widget.ImageView" package="xyz.zedler.patrick.grocy" content-desc="" checkable="false" checked="false" clickable="false" enabled="true" focusable="false" focused="false" scrollable="false" long-clickable="false" password="false" selected="false" bounds="[42,566][105,629]" /><node index="1" text="" resource-id="" class="android.widget.LinearLayout" package="xyz.zedler.patrick.grocy" content-desc="" checkable="false" checked="false" clickable="false" enabled="true" focusable="false" focused="false" scrollable="false" long-clickable="false" password="false" selected="false" bounds="[189,548][1038,648]"><node index="0" text="VERSION" resource-id="" class="android.widget.TextView" package="xyz.zedler.patrick.grocy" content-desc="" checkable="false" checked="false" clickable="false" enabled="true" focusable="false" focused="false" scrollable="false" long-clickable="false" password="false" selected="false" bounds="[189,548][1038,591]" /><node index="1" text="1.8.4" resource-id="" class="android.widget.TextView" package="xyz.zedler.patrick.grocy" content-desc="" checkable="false" checked="false" clickable="false" enabled="true" focusable="false" focused="false" scrollable="false" long-clickable="false" password="false" selected="false" bounds="[189,591][1038,648]" /></node></node><node index="2" text="" resource-id="xyz.zedler.patrick.grocy:id/linear_changelog" class="android.widget.LinearLayout" package="xyz.zedler.patrick.grocy" content-desc="" checkable="false" checked="false" clickable="true" enabled="true" focusable="false" focused="false" scrollable="false" long-clickable="false" password="false" selected="false" bounds="[0,690][1080,882]"><node index="0" text="" resource-id="xyz.zedler.patrick.grocy:id/image_changelog" class="android.widget.ImageView" package="xyz.zedler.patrick.grocy" content-desc="" checkable="false" checked="false" clickable="false" enabled="true" focusable="false" focused="false" scrollable="false" long-clickable="false" password="false" selected="false" bounds="[42,754][105,817]" /><node index="1" text="" resource-id="" class="android.widget.LinearLayout" package="xyz.zedler.patrick.grocy" content-desc="" checkable="false" checked="false" clickable="false" enabled="true" focusable="false" focused="false" scrollable="false" long-clickable="false" password="false" selected="false" bounds="[189,732][1038,840]"><node index="0" text="Changelog" resource-id="" class="android.widget.TextView" package="xyz.zedler.patrick.grocy" content-desc="" checkable="false" checked="false" clickable="false" enabled="true" focusable="false" focused="false" scrollable="false" long-clickable="false" password="false" selected="false" bounds="[189,732][1038,789]" /><node index="1" text="What's new?" resource-id="" class="android.widget.TextView" package="xyz.zedler.patrick.grocy" content-desc="" checkable="false" checked="false" clickable="false" enabled="true" focusable="false" focused="false" scrollable="false" long-clickable="false" password="false" selected="false" bounds="[189,789][1038,840]" /></node></node><node index="3" text="" resource-id="xyz.zedler.patrick.grocy:id/linear_developer" class="android.widget.LinearLayout" package="xyz.zedler.patrick.grocy" content-desc="" checkable="false" checked="false" clickable="true" enabled="true" focusable="false" focused="false" scrollable="false" long-clickable="false" password="false" selected="false" bounds="[0,882][1080,1066]"><node index="0" text="" resource-id="xyz.zedler.patrick.grocy:id/image_developer" class="android.widget.ImageView" package="xyz.zedler.patrick.grocy" content-desc="" checkable="false" checked="false" clickable="false" enabled="true" focusable="false" focused="false" scrollable="false" long-clickable="false" password="false" selected="false" bounds="[42,942][105,1005]" /><node index="1" text="" resource-id="" class="android.widget.LinearLayout" package="xyz.zedler.patrick.grocy" content-desc="" checkable="false" checked="false" clickable="false" enabled="true" focusable="false" focused="false" scrollable="false" long-clickable="false" password="false" selected="false" bounds="[189,924][1038,1024]"><node index="0" text="DEVELOPERS" resource-id="" class="android.widget.TextView" package="xyz.zedler.patrick.grocy" content-desc="" checkable="false" checked="false" clickable="false" enabled="true" focusable="false" focused="false" scrollable="false" long-clickable="false" password="false" selected="false" bounds="[189,924][1038,967]" /><node index="1" text="Patrick &amp; Dominic Zedler" resource-id="" class="android.widget.TextView" package="xyz.zedler.patrick.grocy" content-desc="" checkable="false" checked="false" clickable="false" enabled="true" focusable="false" focused="false" scrollable="false" long-clickable="false" password="false" selected="false" bounds="[189,967][1038,1024]" /></node></node><node index="4" text="" resource-id="xyz.zedler.patrick.grocy:id/linear_github" class="android.widget.LinearLayout" package="xyz.zedler.patrick.grocy" content-desc="" checkable="false" checked="false" clickable="true" enabled="true" focusable="false" focused="false" scrollable="false" long-clickable="false" password="false" selected="false" bounds="[0,1066][1080,1258]"><node index="0" text="" resource-id="" class="android.widget.ImageView" package="xyz.zedler.patrick.grocy" content-desc="" checkable="false" checked="false" clickable="false" enabled="true" focusable="false" focused="false" scrollable="false" long-clickable="false" password="false" selected="false" bounds="[42,1130][105,1193]" /><node index="1" text="" resource-id="" class="android.widget.LinearLayout" package="xyz.zedler.patrick.grocy" content-desc="" checkable="false" checked="false" clickable="false" enabled="true" focusable="false" focused="false" scrollable="false" long-clickable="false" password="false" selected="false" bounds="[189,1108][1038,1216]"><node index="0" text="Grocy Android on GitHub" resource-id="" class="android.widget.TextView" package="xyz.zedler.patrick.grocy" content-desc="" checkable="false" checked="false" clickable="false" enabled="true" focusable="false" focused="false" scrollable="false" long-clickable="false" password="false" selected="false" bounds="[189,1108][1038,1165]" /><node index="1" text="Source code" resource-id="" class="android.widget.TextView" package="xyz.zedler.patrick.grocy" content-desc="" checkable="false" checked="false" clickable="false" enabled="true" focusable="false" focused="false" scrollable="false" long-clickable="false" password="false" selected="false" bounds="[189,1165][1038,1216]" /></node></node><node index="5" text="" resource-id="xyz.zedler.patrick.grocy:id/linear_intro" class="android.widget.LinearLayout" package="xyz.zedler.patrick.grocy" content-desc="" checkable="false" checked="false" clickable="true" enabled="true" focusable="false" focused="false" scrollable="false" long-clickable="false" password="false" selected="false" bounds="[0,1258][1080,1450]"><node index="0" text="" resource-id="xyz.zedler.patrick.grocy:id/image_intro" class="android.widget.ImageView" package="xyz.zedler.patrick.grocy" content-desc="" checkable="false" checked="false" clickable="false" enabled="true" focusable="false" focused="false" scrollable="false" long-clickable="false" password="false" selected="false" bounds="[42,1322][105,1385]" /><node index="1" text="" resource-id="" class="android.widget.LinearLayout" package="xyz.zedler.patrick.grocy" content-desc="" checkable="false" checked="false" clickable="false" enabled="true" focusable="false" focused="false" scrollable="false" long-clickable="false" password="false" selected="false" bounds="[189,1300][1038,1408]"><node index="0" text="Replay intro" resource-id="" class="android.widget.TextView" package="xyz.zedler.patrick.grocy" content-desc="" checkable="false" checked="false" clickable="false" enabled="true" focusable="false" focused="false" scrollable="false" long-clickable="false" password="false" selected="false" bounds="[189,1300][1038,1357]" /><node index="1" text="Showcasing features" resource-id="" class="android.widget.TextView" package="xyz.zedler.patrick.grocy" content-desc="" checkable="false" checked="false" clickable="false" enabled="true" focusable="false" focused="false" scrollable="false" long-clickable="false" password="false" selected="false" bounds="[189,1357][1038,1408]" /></node></node><node index="6" text="" resource-id="" class="android.widget.LinearLayout" package="xyz.zedler.patrick.grocy" content-desc="" checkable="false" checked="false" clickable="false" enabled="true" focusable="false" focused="false" scrollable="false" long-clickable="false" password="false" selected="false" bounds="[0,1450][1080,1634]"><node index="0" text="" resource-id="" class="android.widget.ImageView" package="xyz.zedler.patrick.grocy" content-desc="" checkable="false" checked="false" clickable="false" enabled="true" focusable="false" focused="false" scrollable="false" long-clickable="false" password="false" selected="false" bounds="[42,1500][126,1584]" /><node index="1" text="" resource-id="" class="android.widget.LinearLayout" package="xyz.zedler.patrick.grocy" content-desc="" checkable="false" checked="false" clickable="false" enabled="true" focusable="false" focused="false" scrollable="false" long-clickable="false" password="false" selected="false" bounds="[189,1492][1038,1592]"><node index="0" text="BUILT WITH" resource-id="" class="android.widget.TextView" package="xyz.zedler.patrick.grocy" content-desc="" checkable="false" checked="false" clickable="false" enabled="true" focusable="false" focused="false" scrollable="false" long-clickable="false" password="false" selected="false" bounds="[189,1492][1038,1535]" /><node index="1" text="Material Components" resource-id="" class="android.widget.TextView" package="xyz.zedler.patrick.grocy" content-desc="" checkable="false" checked="false" clickable="false" enabled="true" focusable="false" focused="false" scrollable="false" long-clickable="false" password="false" selected="false" bounds="[189,1535][1038,1592]" /></node></node><node index="7" text="Open source licenses" resource-id="" class="android.widget.TextView" package="xyz.zedler.patrick.grocy" content-desc="" checkable="false" checked="false" clickable="false" enabled="true" focusable="false" focused="false" scrollable="false" long-clickable="false" password="false" selected="false" bounds="[189,1634][609,1714]" /><node index="8" text="" resource-id="xyz.zedler.patrick.grocy:id/linear_license_material_components" class="android.widget.LinearLayout" package="xyz.zedler.patrick.grocy" content-desc="" checkable="false" checked="false" clickable="true" enabled="true" focusable="false" focused="false" scrollable="false" long-clickable="false" password="false" selected="false" bounds="[0,1714][1080,1794]"><node index="0" text="" resource-id="xyz.zedler.patrick.grocy:id/image_license_material_components" class="android.widget.ImageView" package="xyz.zedler.patrick.grocy" content-desc="" checkable="false" checked="false" clickable="false" enabled="true" focusable="false" focused="false" scrollable="false" long-clickable="false" password="false" selected="false" bounds="[42,1778][105,1794]" /><node index="1" text="" resource-id="" class="android.widget.LinearLayout" package="xyz.zedler.patrick.grocy" content-desc="" checkable="false" checked="false" clickable="false" enabled="true" focusable="false" focused="false" scrollable="false" long-clickable="false" password="false" selected="false" bounds="[189,1756][1038,1794]"><node index="0" text="Material Components Android" resource-id="" class="android.widget.TextView" package="xyz.zedler.patrick.grocy" content-desc="" checkable="false" checked="false" clickable="false" enabled="true" focusable="false" focused="false" scrollable="false" long-clickable="false" password="false" selected="false" bounds="[189,1756][1038,1794]" /></node></node></node></node></node></node></node></node></node><node index="1" text="" resource-id="android:id/statusBarBackground" class="android.view.View" package="xyz.zedler.patrick.grocy" content-desc="" checkable="false" checked="false" clickable="false" enabled="true" focusable="false" focused="false" scrollable="false" long-clickable="false" password="false" selected="false" bounds="[0,0][1080,63]" /><node index="2" text="" resource-id="android:id/navigationBarBackground" class="android.view.View" package="xyz.zedler.patrick.grocy" content-desc="" checkable="false" checked="false" clickable="false" enabled="true" focusable="false" focused="false" scrollable="false" long-clickable="false" password="false" selected="false" bounds="[0,0][0,0]" /></node></hierarchy>